{
    "Rumen": {
        "st": 0.35,
        "sv": 0.9667,
        "tipo": "solido",
        "densidad": 1.0,
        "carbohidratos_lab": 0.78,
        "lipidos_lab": 0.079,
        "proteinas_lab": 0.141,
        "carbohidratos_calc": 0.27299999999999996,
        "lipidos_calc": 0.027649999999999997,
        "proteinas_calc": 0.04934999999999999,
        "m3_tnsv": 303.02,
        "biogas_generado": 292.93,
        "ch4": 0.54383,
        "kw/tn": 0.319,
        "carbohidratos": 0.78,
        "lipidos": 0.079,
        "proteinas": 0.141,
        "porcentaje_metano": 65.0
    },
    "Grasa - Frigorifico La Anonima": {
        "st": 0.36,
        "sv": 0.9,
        "tipo": "solido",
        "densidad": 1.0,
        "carbohidratos_lab": 0.0161,
        "lipidos_lab": 0.9839,
        "proteinas_lab": 0.0161,
        "carbohidratos_calc": 0.005796,
        "lipidos_calc": 0.35420399999999996,
        "proteinas_calc": 0.005796,
        "m3_tnsv": 577.868,
        "biogas_generado": 520.08,
        "ch4": 0.6776232654266313,
        "kw/tn": 0.725,
        "carbohidratos": 0.0161,
        "lipidos": 0.9839,
        "proteinas": 0.0161,
        "porcentaje_metano": 65.0
    },
    "Gomas vegetales": {
        "st": 0.55,
        "sv": 0.95,
        "tipo": "liquido",
        "densidad": 1.02,
        "carbohidratos_lab": 0.32,
        "lipidos_lab": 0.59,
        "proteinas_lab": 0.09,
        "carbohidratos_calc": 0.17600000000000002,
        "lipidos_calc": 0.3245,
        "proteinas_calc": 0.0495,
        "m3_tnsv": 681.884,
        "biogas_generado": 647.79,
        "ch4": 0.6251000000000001,
        "kw/tn": 1.273,
        "carbohidratos": 0.32,
        "lipidos": 0.59,
        "proteinas": 0.09,
        "porcentaje_metano": 65.0
    },
    "Lactosa": {
        "st": 0.12,
        "sv": 0.95,
        "tipo": "liquido",
        "densidad": 1.03,
        "carbohidratos_lab": 0.8320000000000001,
        "lipidos_lab": 0.015,
        "proteinas_lab": 0.066,
        "carbohidratos_calc": 0.09984,
        "lipidos_calc": 0.0018,
        "proteinas_calc": 0.00792,
        "m3_tnsv": 100.547,
        "biogas_generado": 85.23,
        "ch4": 0.5181380065717416,
        "kw/tn": 0.034,
        "carbohidratos": 0.8320000000000001,
        "lipidos": 0.015,
        "proteinas": 0.066,
        "porcentaje_metano": 65.0
    },
    "Purin": {
        "st": 0.04,
        "sv": 0.8,
        "tipo": "solido",
        "densidad": 1.0,
        "carbohidratos_lab": 0.51,
        "lipidos_lab": 0.15,
        "proteinas_lab": 0.34,
        "carbohidratos_calc": 0.0204,
        "lipidos_calc": 0.006,
        "proteinas_calc": 0.013600000000000001,
        "m3_tnsv": 46.585,
        "biogas_generado": 37.27,
        "ch4": 0.5984,
        "kw/tn": 0.005,
        "carbohidratos": 0.51,
        "lipidos": 0.15,
        "proteinas": 0.34,
        "porcentaje_metano": 65.0
    },
    "Expeller": {
        "st": 0.56,
        "sv": 0.9,
        "tipo": "solido",
        "densidad": 1.0,
        "carbohidratos_lab": 0.575,
        "lipidos_lab": 0.085,
        "proteinas_lab": 0.34,
        "carbohidratos_calc": 0.322,
        "lipidos_calc": 0.04760000000000001,
        "proteinas_calc": 0.19040000000000004,
        "m3_tnsv": 551.818,
        "biogas_generado": 496.64,
        "ch4": 0.5867,
        "kw/tn": 0.932,
        "carbohidratos": 0.575,
        "lipidos": 0.085,
        "proteinas": 0.34,
        "porcentaje_metano": 65.0
    },
    "Maiz": {
        "st": 0.4,
        "sv": 0.9,
        "tipo": "solido",
        "densidad": 1.0,
        "carbohidratos_lab": 0.75,
        "lipidos_lab": 0.14,
        "proteinas_lab": 0.11,
        "carbohidratos_calc": 0.30000000000000004,
        "lipidos_calc": 0.05600000000000001,
        "proteinas_calc": 0.044000000000000004,
        "m3_tnsv": 387.511,
        "biogas_generado": 348.76,
        "ch4": 0.5483,
        "kw/tn": 0.437,
        "carbohidratos": 0.75,
        "lipidos": 0.14,
        "proteinas": 0.11,
        "porcentaje_metano": 65.0
    },
    "Silaje de Maiz": {
        "st": 0.495,
        "sv": 0.9,
        "tipo": "solido",
        "densidad": 1.0,
        "carbohidratos_lab": 0.0821,
        "lipidos_lab": 0.015,
        "proteinas_lab": 0.01,
        "carbohidratos_calc": 0.0406395,
        "lipidos_calc": 0.007424999999999999,
        "proteinas_calc": 0.00495,
        "m3_tnsv": 396.057,
        "biogas_generado": 46.02,
        "ch4": 0.5448179271708683,
        "kw/tn": 0.549,
        "carbohidratos": 0.0821,
        "lipidos": 0.015,
        "proteinas": 0.01,
        "porcentaje_metano": 65.0
    },
    "Silaje de Maiz A5": {
        "st": 0.4,
        "sv": 0.9,
        "tipo": "solido",
        "densidad": 1.0,
        "carbohidratos_lab": 0.0821,
        "lipidos_lab": 0,
        "proteinas_lab": 0.01,
        "carbohidratos_calc": 0.03284,
        "lipidos_calc": 0.0,
        "proteinas_calc": 0.004,
        "m3_tnsv": 320.046,
        "biogas_generado": 28.55,
        "ch4": 0.5228013029315961,
        "kw/tn": 0.344,
        "carbohidratos": 0.0821,
        "lipidos": 0,
        "proteinas": 0.01,
        "porcentaje_metano": 65.0
    },
    "Vinasa": {
        "st": 0.05,
        "sv": 0.8,
        "tipo": "liquido",
        "densidad": 1.02,
        "carbohidratos_lab": 0.1,
        "lipidos_lab": 0,
        "proteinas_lab": 0.0102,
        "carbohidratos_calc": 0.005000000000000001,
        "lipidos_calc": 0.0,
        "proteinas_calc": 0.00051,
        "m3_tnsv": 17.3,
        "biogas_generado": 4.25,
        "ch4": 0.5194373865698729,
        "kw/tn": 0.002,
        "carbohidratos": 0.1,
        "lipidos": 0,
        "proteinas": 0.0102,
        "porcentaje_metano": 65.0
    },
    "SA 7": {
        "st": 0.34,
        "sv": 0.9,
        "tipo": "solido",
        "densidad": 1.0,
        "carbohidratos_lab": 0.066,
        "lipidos_lab": 0.008,
        "proteinas_lab": 0.01,
        "carbohidratos_calc": 0.02244,
        "lipidos_calc": 0.00272,
        "proteinas_calc": 0.0034000000000000002,
        "m3_tnsv": 259.448,
        "biogas_generado": 24.08,
        "ch4": 0.542142857142857,
        "kw/tn": 0.246,
        "carbohidratos": 0.066,
        "lipidos": 0.008,
        "proteinas": 0.01,
        "porcentaje_metano": 65.0
    },
    "SA5-SA6 20-80": {
        "st": 0.215,
        "sv": 0.9,
        "tipo": "solido",
        "densidad": 1.0,
        "carbohidratos_lab": 0.09369999999999999,
        "lipidos_lab": 0.01,
        "proteinas_lab": 0.01,
        "carbohidratos_calc": 0.020145499999999997,
        "lipidos_calc": 0.00215,
        "proteinas_calc": 0.00215,
        "m3_tnsv": 167.182,
        "biogas_generado": 20.31,
        "ch4": 0.5343007915567283,
        "kw/tn": 0.099,
        "carbohidratos": 0.09369999999999999,
        "lipidos": 0.01,
        "proteinas": 0.01,
        "porcentaje_metano": 65.0
    },
    "Descarte de grano": {
        "st": 0.5075,
        "sv": 0.9,
        "tipo": "solido",
        "densidad": 1.0,
        "carbohidratos_lab": 0.8,
        "lipidos_lab": 0.08,
        "proteinas_lab": 0.12,
        "carbohidratos_calc": 0.40599999999999997,
        "lipidos_calc": 0.0406,
        "proteinas_calc": 0.06089999999999999,
        "m3_tnsv": 469.607,
        "biogas_generado": 422.65,
        "ch4": 0.5396000000000001,
        "kw/tn": 0.661,
        "carbohidratos": 0.8,
        "lipidos": 0.08,
        "proteinas": 0.12,
        "porcentaje_metano": 65.0
    },
    "Decomiso mucanga": {
        "st": 0.37670000000000003,
        "sv": 0.9,
        "tipo": "solido",
        "densidad": 1.0,
        "carbohidratos_lab": 0,
        "lipidos_lab": 1,
        "proteinas_lab": 0.35,
        "carbohidratos_calc": 0.0,
        "lipidos_calc": 0.37670000000000003,
        "proteinas_calc": 0.131845,
        "m3_tnsv": 535.333,
        "biogas_generado": 671.66,
        "ch4": 0.6877777777777777,
        "kw/tn": 0.713,
        "carbohidratos": 0,